rewards,Q-values,loss
10.0,0.07354470938444138,
17.0,0.07791989866425009,
16.0,0.23539249878376722,0.24383079666982999
37.0,0.5139720343254708,0.015764624111643817
16.0,0.626640573143959,0.0008208757262764266
15.0,0.6924446026484171,0.0006032112937342997
13.0,0.6310496146862323,0.0007089341368275479
15.0,0.553617286682129,0.00041077984424191526
15.0,0.643188230196635,0.0007109904458047822
15.0,0.38465522925059,0.000624715684777281
18.0,0.45665570100148517,0.0006999133474892005
8.0,0.4334554523229599,0.0008814966495265253
20.0,0.6443451106548309,0.0008521318770362996
14.0,0.4329584666660854,0.0008665687273605727
13.0,0.6358876870228694,0.001296753444386503
26.0,0.5359028761203473,0.0010652594282873906
9.0,0.6573714680141873,0.000890919825501947
20.0,0.28873767852783205,0.0009704938263894291
14.0,0.3406555141721453,0.000751464394852519
26.0,0.6311416488427383,0.0009681359459556496
17.0,0.6196623479618746,0.0008856422534924658
9.0,0.9414251777860854,0.0008926659583165827
18.0,0.7233562734391954,0.0006683650281047449
11.0,0.5197268290953203,0.0006784252129198813
11.0,0.5515182126652111,0.0006620665067616342
12.0,0.892447809378306,0.0011106817401014268
15.0,0.7709636926651001,0.0008893831768849243
13.0,0.5538412882731512,0.0006937080000240642
14.0,0.5960320489747184,0.0012845271391727562
11.0,0.5203552354465831,0.0012239265647208827
19.0,0.8720865877051103,0.0009260521849347768
12.0,0.7858578066031138,0.0009049543332366738
10.0,0.9640892386436463,0.0009586263477103785
10.0,0.727327311038971,0.0008538447174942121
15.0,0.5326577504475911,0.0012022678701517483
10.0,0.7105567574501037,0.0010357802006183193
12.0,0.4038739502429962,0.0010622497926912426
23.0,0.5985913328502489,0.0012385307623923798
28.0,0.6753106415271759,0.0007256580081177942
11.0,0.7826478806408969,0.0013627243408171291
11.0,0.737614555792375,0.0013412904174236412
12.0,0.5868673324584961,0.0009119392634602264
11.0,0.8736489035866477,0.0010333306484178386
12.0,0.5762661993503571,0.0011245068308198825
12.0,0.7014973064263662,0.0009545485130123174
14.0,0.5016886762210301,0.0011558026349770703
27.0,0.5673051454402782,0.0010555439382894998
10.0,0.5990562677383423,0.0010290240548783912
11.0,0.6189031275835905,0.0009048360701523383
16.0,0.7322404608130455,0.0008490670261380728
9.0,0.5239909092585245,0.0008717129142799725
10.0,0.8159824013710022,0.0011218939122045412
28.0,0.6783404733453479,0.0014210878746650582
23.0,0.29589538470558496,0.0007821409697340721
10.0,0.8187487721443176,0.0004702558653661981
9.0,0.5473725001017252,0.0007996533644877167
13.0,0.8303578266730676,0.0008619464866709537
17.0,0.5639226787230548,0.0010100914001026575
12.0,0.3924696048100789,0.0007950694889586885
18.0,0.4466825591193305,0.0008443614432407129
11.0,0.7762478156523271,0.000715067874724892
20.0,0.575812828540802,0.0007966199060319923
12.0,0.6888952553272247,0.0007596150705163988
12.0,0.8808538516362509,0.0008614507605670951
12.0,0.8126269181569418,0.0009713366550082961
11.0,0.4400864839553833,0.0009996141254139895
11.0,0.8540039495988325,0.0006025935859228907
8.0,0.8950307667255402,0.0008221840944315773
10.0,0.3514350771903992,0.0008786630118265748
8.0,0.8934282660484314,0.0009191530443786178
13.0,0.8158114506648138,0.000794544296625715
16.0,0.5963838696479797,0.0008832717649056576
9.0,0.5130094819598727,0.0008215982234105468
12.0,0.674588531255722,0.000771739915459572
11.0,0.5209547172893177,0.0006883215061283078
11.0,0.9824506911364469,0.000848195598915812
11.0,0.9783126332543113,0.000623215007098307
14.0,0.763220454965319,0.0009366094891447574
37.0,0.7260087438531824,0.0007962668700005255
24.0,0.5364925712347031,0.0008545855719906589
15.0,0.7939357995986939,0.0007698110023435826
10.0,0.8119296073913574,0.0006987340268096887
17.0,0.6159620846019072,0.000771138073212248
16.0,0.7642229199409485,0.0006382529004440585
10.0,0.8706324934959412,0.0009160619942122139
15.0,0.7884841759999593,0.0009591618222960581
11.0,0.8851241631941362,0.00045998738443648273
26.0,0.5404411233388461,0.0009337745353919812
8.0,0.8705708086490631,0.0007995655196282314
16.0,0.5099554732441902,0.0007367438256551395
10.0,0.9624111592769623,0.000783957532257773
11.0,0.668052922595631,0.0006732615875080228
9.0,0.641877810160319,0.0006288876837869692
10.0,0.58079754114151,0.000781013976666145
15.0,0.542459503809611,0.0006884537656636287
8.0,0.7373579740524292,0.0011032280963263474
13.0,0.6325928889788114,0.001135457781716608
16.0,0.8106698095798492,0.0009550360246066703
16.0,0.5064556151628494,0.0008323878137161955
13.0,0.8181966451498178,0.000716322182247845
12.0,1.1822465459505718,0.16379553964361548
15.0,1.5836698770523072,0.03885036762803793
21.0,0.9153266350428263,0.020463107292362975
25.0,1.031294689178467,0.014557486400008202
9.0,1.5513998799853854,0.021448198291990492
15.0,1.3805436372756958,0.017552490749706825
10.0,0.783574640750885,0.015571257332339883
15.0,1.0221089045206706,0.015386946157862742
20.0,1.3554052591323853,0.016342269233427943
11.0,1.169905272397128,0.010989474386654118
23.0,1.173800141915031,0.01259952903036838
10.0,1.46349276304245,0.012901889765635133
12.0,1.204942097266515,0.00771883424022235
25.0,1.1254093313217164,0.013020298518240452
12.0,0.9586925109227499,0.012920739284406105
9.0,1.3690297603607178,0.014422451546933088
12.0,0.856696238120397,0.015906498961461086
18.0,0.9473799731996324,0.01266806029404203
12.0,1.3818911810715993,0.014892210330193242
11.0,1.1992333260449497,0.01042479321106591
27.0,1.3544433337670785,0.009984866345163297
14.0,1.107455951826913,0.011926538510514157
11.0,1.5827248313210227,0.008361034709113565
12.0,1.195841411749522,0.007896885411658635
16.0,0.750828355550766,0.0126916402077768
9.0,1.6299422979354858,0.014522262228031954
34.0,1.0463117536376505,0.013420783222981673
8.0,1.679186373949051,0.013326048094313592
15.0,1.1122233629226685,0.013020926822597782
13.0,1.2601428490418654,0.011969489690202933
12.0,1.2432849407196045,0.01036839324903364
28.0,1.3799331145627158,0.01000181122799404
17.0,0.9809756769853479,0.011274041888742325
12.0,0.9132493734359741,0.010229781561065465
10.0,1.1057857990264892,0.012378513789735734
10.0,1.2468470573425292,0.009002963989041745
11.0,1.248400791124864,0.008685637625272979
11.0,1.4681681828065352,0.009584072680974548
21.0,1.2380103497278123,0.008641826088673301
14.0,0.9186053957257952,0.008105189423076808
11.0,1.1715886376120828,0.008834908695214173
12.0,0.841813842455546,0.009774134843610227
30.0,1.3244887550671895,0.0113543994356102
30.0,1.3799040953318278,0.01175810288793097
14.0,1.3533631988934107,0.00940494569866652
11.0,1.284959543835033,0.007899367229335687
48.0,1.0036024029056232,0.010249286113927761
11.0,0.3619267832149159,0.00788160680200566
20.0,1.8247914254665374,0.00829601860314142
10.0,1.0913676500320435,0.00906932943034917
11.0,1.3167950890280984,0.008993184638463637
11.0,1.7515025572343306,0.012469298121604052
10.0,1.638898253440857,0.00854054158553481
11.0,1.4874110980467363,0.009673555318096822
9.0,1.8528318405151367,0.01101447845576331
15.0,1.0474605560302734,0.008389291706650207
12.0,0.9838632444540659,0.008753492026395785
13.0,1.1029669871697059,0.009677619386750918
15.0,1.2363240798314412,0.013954597370078167
10.0,1.6841038346290589,0.011507021798752248
9.0,1.526889509624905,0.010649233694291778
14.0,1.5362045935222082,0.007609713049272874
11.0,1.5130210789767178,0.009383367692035708
13.0,0.9872896304497352,0.006977564888074994
15.0,1.0449723482131958,0.007834005666275819
13.0,1.4427877297768226,0.00795489433221519
9.0,1.7631849712795682,0.010713664452648826
9.0,1.219334363937378,0.010521508132417997
12.0,1.4288258751233418,0.00832432087433214
14.0,0.777966822896685,0.011309090569349272
11.0,1.1229743957519531,0.009503931950100443
10.0,0.43058042526245116,0.01648997995071113
13.0,1.4432637966596162,0.012411128657941636
12.0,1.1905172367890675,0.009423422122684618
10.0,1.3119013786315918,0.008652580808848143
16.0,1.1289564669132233,0.009848628280451521
10.0,1.4828268766403199,0.007842939905822277
11.0,1.6046085411852056,0.012667588868432424
20.0,1.439078837633133,0.010916433960665018
13.0,1.2704045130656316,0.007028563619734576
9.0,2.083204163445367,0.010880846995860338
10.0,1.6973829865455627,0.010649766540154815
18.0,1.053001085917155,0.010115630329690047
11.0,1.80123201825402,0.0069021068894389
28.0,0.8164784737995693,0.009089767533753599
10.0,0.7534834980964661,0.00946667033713311
11.0,0.7822288383137096,0.007892802082510158
13.0,1.1854547353891225,0.007262041577352927
34.0,1.378688072457033,0.008641951231231145
8.0,1.8246776759624481,0.006531254242872819
10.0,1.7211294770240784,0.012225926318205894
11.0,1.4506222443147139,0.013766943900422617
9.0,1.623101380136278,0.007989826663914654
13.0,0.9027765897604135,0.008623825242886176
16.0,1.20459645986557,0.009634381247451529
10.0,1.6772445917129517,0.008536059770267456
17.0,1.3830739470089184,0.007485101061106166
12.0,1.0667700668176014,0.00923765062664946
14.0,1.005125778062003,0.007355932117206976
17.0,1.1260701347799862,0.007208938525496598
9.0,2.195905950334337,0.20344177467955482
10.0,2.015233504772186,0.06481746912468225
12.0,1.6212323307991028,0.03711188592327138
9.0,2.046193387773302,0.011746625312500529
21.0,1.4995679060618083,0.014042537459837539
12.0,2.318502883116404,0.011192556441528723
11.0,2.1514241695404053,0.013029989363117651
10.0,1.8880283832550049,0.017453819001093506
20.0,1.7452796757221223,0.013922194996848703
10.0,1.544288945198059,0.0074911576230078936
13.0,1.3903188888843243,0.013212493343207125
10.0,2.1296414136886597,0.015977799776010215
9.0,2.2085082266065807,0.017975367773841653
28.0,2.0642714543001994,0.013261687908587711
12.0,1.5930573046207428,0.009558090784897407
10.0,1.4574501633644104,0.020423933304846285
31.0,1.76782867985387,0.01233755984914399
11.0,2.3708827062086626,0.012150788341056217
11.0,1.2277755520560525,0.010599436243699694
8.0,1.4421723783016205,0.010694039228837937
19.0,1.6981040678526227,0.01207783620338887
11.0,1.715442722493952,0.00784822062335231
17.0,1.759096201728372,0.011430193820749135
20.0,1.7884652376174928,0.009390412218635902
17.0,1.8964157139553743,0.009420231751659337
69.0,1.8734028754026995,0.011679061610028957
17.0,2.3844369649887085,0.008938298594918759
15.0,1.947504472732544,0.017261335051928957
13.0,1.8962196753575251,0.009824596766310815
11.0,2.3863055489280005,0.008926917163824493
41.0,2.4163982170384104,0.01092429718615987
67.0,2.0085709041623927,0.012728348311815244
12.0,2.7064894437789917,0.017389527968286227
11.0,1.4016202471473,0.015445241916247389
11.0,2.0013517249714243,0.009358727669512684
27.0,1.7627161432195593,0.012375609492193218
24.0,2.6176674167315164,0.014178533533898493
11.0,2.0551735162734985,0.0152226171286946
13.0,2.180949275310223,0.013458448265177699
13.0,2.212070657656743,0.014648619018351803
49.0,2.2719440070950254,0.011644020904691852
14.0,1.8933007376534599,0.011248209979385138
29.0,2.8448618527116447,0.011202760390006006
10.0,2.4354934096336365,0.016463963012211025
12.0,1.9587162335713704,0.02019184164237231
14.0,2.52925865990775,0.01054863290794726
35.0,2.067829077584403,0.009177297689685865
12.0,1.6229408979415894,0.014994353618628034
21.0,2.135653098424276,0.014338744482735083
11.0,2.9566481330178003,0.016587122523395174
56.0,2.1037028453179767,0.01129051613887506
16.0,2.1592340767383575,0.008882409012585413
16.0,2.139505997300148,0.01492690376471728
10.0,2.514851522445679,0.016445814224425703
13.0,2.401612566067622,0.014849688562277991
13.0,2.1417443935687723,0.012350547655772131
60.0,2.057485367854436,0.010363514337223023
10.0,1.87428617477417,0.008584786974824964
14.0,1.7013709885733468,0.010722364515199192
21.0,1.897452746118818,0.007303418378190448
19.0,2.103938253302323,0.012030739282061787
32.0,2.0767340548336506,0.013392393288086168
10.0,2.2332202553749085,0.013063185958890245
34.0,1.946696968639598,0.01151045853861005
10.0,2.9326275110244753,0.009154377004597336
13.0,1.5494248500237098,0.01489699913117175
12.0,1.98183008035024,0.012132757304546734
12.0,2.0637068351109824,0.010007075887794295
11.0,1.9066403128884055,0.00769253032789989
19.0,2.0856575087497107,0.012831713367057474
27.0,1.9395569518760398,0.01380439699386005
11.0,2.079086011106318,0.014049295780502936
15.0,1.4551476955413818,0.008555256055357556
30.0,2.057685446739197,0.018947729592521986
10.0,2.011483871936798,0.013734691217541695
12.0,1.426918625831604,0.011776733668132996
29.0,2.121207886728747,0.015584974943114251
14.0,1.876059821673802,0.009458883266363825
51.0,2.6457499803281297,0.012382600796591564
10.0,2.1719754457473757,0.011208085506223143
11.0,2.693906458941373,0.012869033856656064
11.0,2.3014708215540107,0.011452088926241479
39.0,2.131373772254357,0.011395494405848857
28.0,1.908593816416604,0.010255353217611887
32.0,2.094119183719158,0.009663231256126892
13.0,1.8579365656926081,0.01157335451660821
46.0,2.4894225986107537,0.012073852455891345
13.0,1.575464129447937,0.01052581167851503
13.0,2.0142962015592136,0.010887567061357774
44.0,2.15825798294761,0.011332730715036054
14.0,1.728139042854309,0.008468752677020217
65.0,2.4637814118311954,0.010501643703677333
51.0,2.075558199602015,0.012132957933799308
14.0,1.5790403911045618,0.011801967064716987
45.0,2.459451919131809,0.013205480598844587
9.0,2.6430177953508167,0.021685587585024122
10.0,1.745437252521515,0.009443406644277275
14.0,2.5066881520407542,0.009121401950583927
51.0,2.1210237484352263,0.010569951964962278
44.0,2.4995625723492014,0.012352458746384153
26.0,2.6772841765330386,0.0940610864199698
49.0,3.1388502899481328,0.024373523624879972
11.0,2.7023367231542412,0.01050013621253046
11.0,2.3342386050657793,0.010157931003380905
44.0,2.995163782076402,0.0126885404990224
11.0,2.6428941163149746,0.0074971800416030665
19.0,3.112134657408062,0.009463920686884146
36.0,2.5690645509295993,0.011476897291787382
83.0,2.9973627343235245,0.013696272839954773
15.0,2.103095054626465,0.018225347281744082
105.0,2.8803026267460416,0.01567445096471125
34.0,2.6168802625992718,0.008769098758314024
14.0,2.390584639140538,0.013863122631196998
57.0,2.9798262621227063,0.011113940162192049
27.0,3.0565851485287703,0.01741154829936999
106.0,3.19929239435016,0.010454773454803903
13.0,2.6160739751962514,0.018270116209840544
13.0,2.5254518802349386,0.015609017098680712
9.0,2.364171822865804,0.014678005568890108
63.0,3.127317841090853,0.012307105290274772
88.0,2.889982345429334,0.015265446686746807
24.0,3.270532508691152,0.013548208167776465
13.0,1.5629625687232385,0.018959060615788285
21.0,2.712298353513082,0.01692189287305588
13.0,2.941323261994582,0.011482128622726752
15.0,2.2769331614176433,0.015351227562253674
27.0,2.6098231827771223,0.009757914438119365
11.0,2.6094275171106514,0.016853624446825546
115.0,3.29512081871862,0.012359300386363074
83.0,2.9128619102110345,0.011732802978795335
99.0,2.8066304536780926,0.011508332357290343
92.0,3.0838355033294014,0.0116122396088347
27.0,2.729782307589496,0.013811367313825974
13.0,2.6110624166635366,0.013018666963594465
21.0,2.918735447384062,0.012309579666526545
21.0,2.832941702433995,0.016627398363891103
73.0,2.9576153885828305,0.011226776508895094
12.0,3.1461448868115744,0.010391423595137894
11.0,3.111892331730236,0.01024927018972283
46.0,3.0172679216965386,0.010020119677115556
41.0,2.8656965494155884,0.010095712194991549
22.0,3.253348632292314,0.008061385745267298
13.0,2.146806185062115,0.010193898915671386
25.0,3.3690543842315672,0.010097969905473292
28.0,3.0540229167257036,0.01778251149309134
33.0,2.9022893183159106,0.013401129050180316
25.0,3.183984603881836,0.006692128921858966
102.0,3.0172596492019355,0.013085439213432883
69.0,3.1457342047622237,0.011534219931649126
31.0,2.793072500536519,0.008962238237502114
25.0,2.8876679134368897,0.011408982928842307
30.0,2.7697988033294676,0.01231477065011859
72.0,2.7608235478401184,0.015165226340791883
14.0,2.438551732472011,0.009023088063778622
23.0,2.5553359156069546,0.010325414751170447
58.0,3.1439194370960366,0.009640823064195314
15.0,2.884944232304891,0.012204812591274579
25.0,3.4194212436676024,0.01298828927334398
106.0,3.1841400726786198,0.009988466640143603
32.0,2.9914208576083183,0.010540532697632443
37.0,2.6960090237694816,0.011480804010470575
13.0,2.382332361661471,0.01779899266190254
20.0,2.5952228903770447,0.015041000000201166
19.0,2.6360135831330953,0.009915295479770162
16.0,2.2546177953481674,0.016439203347545117
55.0,2.74992224519903,0.014346086529125883
25.0,3.224472789764404,0.01189469087868929
33.0,2.569464755780769,0.010403612632106877
25.0,3.234562830924988,0.009966271999292075
18.0,3.3739410042762756,0.012774844954644019
106.0,3.1790246952254817,0.012239606925813516
31.0,3.240503926430979,0.010216024846980167
34.0,2.745957283412709,0.014293496106641696
32.0,2.8567535802721977,0.009654895860876422
12.0,2.145215834180514,0.01180303466389887
12.0,2.5470314224561057,0.018838346693276737
11.0,3.188200527971441,0.019346985415640203
24.0,2.92911929388841,0.01665600445024514
26.0,3.4047677287688622,0.010512861732142763
47.0,3.411418427812292,0.01276224072864081
11.0,2.117702939293601,0.011706724889915098
41.0,3.020449722685465,0.017303178049964694
17.0,2.6616799971636604,0.009767663774683195
33.0,3.055375341213111,0.009711951941646861
28.0,3.1816675620419637,0.013038799792411737
49.0,3.209660435209469,0.012176010223124556
10.0,1.4802662134170532,0.013644611230120063
25.0,3.2701275825500487,0.01753551443107426
15.0,2.121244430541992,0.013311190810054541
135.0,3.06469431342902,0.01180854116661336
13.0,3.0407363084646373,0.005959614036748042
14.0,1.9526615994317191,0.0117725329764653
10.0,2.462790143489838,0.007760121452156455
20.0,3.0361991107463835,0.017032157990615814
12.0,2.9595982432365417,0.007057754090055823
34.0,2.5184043575735653,0.009373332599780577
18.0,2.2052831020620136,0.005796597850146807
24.0,2.547334313392639,0.01105075640953146
16.0,2.262501448392868,0.009448180739127565
25.0,3.004483799934387,0.008992275279015303
74.0,4.13148469538302,0.0535267580007958
21.0,3.8575490769885836,0.0236605984225337
30.0,3.6376753568649294,0.019281823933124543
25.0,3.3447758769989013,0.023126046545803546
31.0,3.240259555078322,0.024227654546379082
49.0,3.9046610423496793,0.020173110752081384
163.0,3.8343351384613413,0.01426096732779606
194.0,4.185861636682884,0.01701449311383971
42.0,3.9879980087280273,0.014802774342353501
41.0,3.934776631797232,0.015475684907514511
23.0,3.8115057323289956,0.019743512703470238
25.0,3.6580477428436278,0.018945485884323716
94.0,4.085572142550286,0.02111711869997151
24.0,3.9693123201529183,0.01181805637315847
184.0,4.092712061560673,0.01515237102474835
27.0,3.346199115117391,0.017405963451084163
30.0,3.5076899766921996,0.02153291309174771
9.0,1.3563980526394315,0.006284750079632633
13.0,2.6364615788826575,0.01676803780719638
72.0,3.3372635742028556,0.013808435550244112
11.0,2.9759589433670044,0.015670716783709147
23.0,3.7744905948638916,0.018514475633349757
24.0,4.46805173655351,0.025512664743776742
23.0,3.837037983147994,0.011036166890888759
22.0,3.5275264003060083,0.018329493087631734
39.0,3.5508888073456593,0.014510285491362596
68.0,3.798901470268474,0.012702440457788351
84.0,3.926326619727271,0.017573478127208848
43.0,3.7972582440043605,0.018352813607211724
16.0,3.273238956928253,0.013079138487228192
25.0,3.807626543045044,0.02894568834453821
68.0,3.9015582905096164,0.0139311412571902
52.0,3.849500481898968,0.014908584378785096
28.0,3.469735873597009,0.0071805398391526455
95.0,4.221623879984805,0.012702188398198862
13.0,3.641538381576538,0.017278643898092784
64.0,3.2155993580818176,0.01147267169017141
26.0,3.901691409257742,0.019481510335866075
24.0,3.291042983531952,0.013647887913975865
12.0,3.7944379647572837,0.015299090611127516
17.0,2.818854612462661,0.015320891404853147
131.0,3.664831609216355,0.01562967682292841
9.0,2.849643654293484,0.02283844832951824
27.0,3.568588027247676,0.01795028868407287
28.0,3.525760659149715,0.017068555387335697
33.0,3.784910454894557,0.015181903515688398
106.0,4.642980002007395,0.01596593973336671
123.0,4.127226544589531,0.015039952442511856
106.0,4.1449870703355325,0.02468840531974082
52.0,3.8008409302968245,0.015785802388563752
58.0,3.849549729248573,0.01775560780540751
29.0,3.859154988979471,0.011025303075539655
25.0,3.8711913800239564,0.009524945020675659
42.0,3.8712496984572637,0.012767945457848586
161.0,4.313177135420141,0.014839739323613921
10.0,3.182511878013611,0.012846300890669227
47.0,3.966055489600973,0.019947915981979446
28.0,4.178716702120645,0.00997612376730623
27.0,3.877133771225258,0.015348982165084669
54.0,3.0453210141923694,0.012944042251479847
75.0,4.300685755411783,0.01709428532437111
30.0,4.284619255860647,0.015056518092751502
159.0,4.055503800230206,0.015901523663841025
23.0,4.397872561993807,0.014153339596384245
25.0,3.903210244178772,0.014741823645308613
24.0,2.9219625989596048,0.026552468742011115
19.0,3.049861879725205,0.020288592639477236
41.0,4.099555602887782,0.016365273492183627
22.0,3.7697132988409563,0.011951924703845923
29.0,3.926381727744793,0.01784830420390414
69.0,3.658748265625774,0.019926706696793004
119.0,4.272753623353333,0.021214279600520844
25.0,4.031611328125,0.01997668232768774
108.0,4.124372747209337,0.015642838990768522
112.0,4.234662728650229,0.016747781819763725
30.0,3.066850757598877,0.018606857567404708
19.0,2.9138583666399906,0.010772308867767845
37.0,3.621385390694077,0.021215189595996227
35.0,3.9103084325790407,0.015521335122840745
91.0,4.235634303354955,0.013731834066105536
42.0,3.751177776427496,0.015046231980834688
31.0,3.854361814837302,0.016370923570056838
11.0,3.5981078147888184,0.015533818778666582
75.0,3.9525855127970377,0.019743831511586905
31.0,3.7557862689418178,0.012238991760363381
36.0,3.7279227839575872,0.011469586522758214
46.0,4.232170913530433,0.021523887501604368
14.0,3.4791997415678844,0.01898430028398122
24.0,4.489397359391053,0.011175222820990408
18.0,3.5093772411346436,0.015207371765023304
24.0,3.8870143915216127,0.008365933836709397
147.0,4.25358180286122,0.01680151386650558
112.0,4.252713048032352,0.016182580652509517
34.0,3.612220799221712,0.020577599564978087
30.0,4.1812414765357975,0.009597976723064979
28.0,3.753867440990039,0.022363211789135157
14.0,3.0231861727578297,0.008168316803806062
26.0,3.672085117835265,0.018683382260720603
33.0,3.2017347595908423,0.035370430909097195
26.0,3.0284983469889712,0.011965453123243956
143.0,4.746349886580781,0.04118656514577203
283.0,5.295595843042165,0.024694176395292075
25.0,4.380596418380737,0.031028481791727246
189.0,5.175712979029095,0.023381151220140357
137.0,4.963267879764529,0.017735688658227233
13.0,4.412229767212501,0.03572241222270979
178.0,5.175575993034277,0.022926798678628492
158.0,4.727556255799305,0.023190845492225186
42.0,4.42981474456333,0.02778018943388902
20.0,4.294231534004211,0.022240121732465923
61.0,5.126048985074778,0.01774843464429933
27.0,4.145134069301464,0.04482613970887744
42.0,4.955002211389088,0.019968665299183203
185.0,5.18215969704293,0.0249411447275732
142.0,4.832040981507637,0.015421985587085478
169.0,5.592183891838119,0.025822750995687854
138.0,4.5484393938728,0.0170560131892157
24.0,3.998741259177526,0.022120988520327955
20.0,3.113479620218277,0.008355246350402013
23.0,3.93474673188251,0.02162976839336688
185.0,5.622168249697299,0.022363875060644304
14.0,3.396203637123108,0.013514135881061
171.0,5.236240191766393,0.01832183856620557
85.0,4.465022735034718,0.023783137293203787
34.0,3.671580696807188,0.015877240457270732
187.0,5.453291441667526,0.021496691552730388
26.0,4.402083543630747,0.016667057679464612
143.0,4.8020548603751445,0.027774740590134284
229.0,5.162066155646045,0.019211203446530423
178.0,5.050009598892726,0.02288057192312449
181.0,5.178220459110829,0.014208054696775725
121.0,4.94783154203872,0.018955462203314913
11.0,2.4985481934113936,0.034366582139310514
43.0,4.545103369757187,0.02421245200364569
13.0,3.3859149034206686,0.03152649383096454
45.0,4.425788266128964,0.024529777518990967
15.0,2.72340890566508,0.025334504417454204
200.0,5.59774480342865,0.019219762925349642
183.0,5.401176509961404,0.025451664385370543
186.0,5.629730934737831,0.021417650271467463
165.0,5.378073677872166,0.02960898094161442
22.0,3.888934850692749,0.01915978097399189
55.0,5.007356565648859,0.030158017588440666
30.0,5.184117809931437,0.024822551101290932
14.0,3.976553337914603,0.014981532070253576
217.0,5.403721925849739,0.022948748170299463
12.0,4.522504011789958,0.005266280476159106
176.0,5.247468222271312,0.022097366412874016
175.0,5.369614982604981,0.018076421894199612
44.0,4.9355365986173805,0.02279756358422508
194.0,5.558885579256668,0.022590794237498577
61.0,4.990875629128003,0.026840458919874348
71.0,4.456643376551884,0.027946033303520943
23.0,5.121807813644409,0.031880871316863464
173.0,5.458750008158601,0.0217695323211367
69.0,4.80806313044783,0.016504815759380228
32.0,5.518064633011818,0.01264339479530463
13.0,2.8308739203673143,0.021468251406286772
11.0,3.234998572956432,0.02624413070522926
51.0,4.925842385666043,0.016964941338051622
12.0,3.190341571966807,0.01028865601013725
365.0,5.060002495491341,0.02153820253825708
30.0,4.966553994019827,0.020514085531855623
31.0,4.46351570083249,0.01358304894529283
53.0,4.773262086904274,0.02013035186671845
174.0,5.564434827059165,0.027753081677840144
119.0,4.67814757242924,0.02334688028160232
163.0,5.342077152860677,0.021709797600715598
12.0,4.327405174573262,0.021178096746249746
276.0,5.73167786218118,0.02131591930874097
160.0,5.521333479881287,0.031792859223787676
16.0,3.8277289271354675,0.027319124303176068
173.0,5.84442614682148,0.02824604740457857
45.0,4.5555305004119875,0.020948276880921587
46.0,5.039963095084481,0.029301865669169827
9.0,3.326187398698595,0.010124884675153427
40.0,4.630072364211083,0.024106204023701137
20.0,3.701120686531067,0.023022847395623103
35.0,3.652975629057203,0.028130581891829414
31.0,4.4926799689569785,0.04066499620826254
51.0,5.062998299505196,0.03024281770465713
47.0,4.217911129302167,0.03521058476341769
195.0,5.799648884015205,0.024728159681678963
228.0,5.424289170064424,0.02851162240033757
12.0,4.523015518983205,0.033145528519526124
97.0,4.957311689239187,0.013735680685489025
28.0,5.105164042540959,0.027265715416953235
241.0,5.639883209560916,0.022497269113140404
44.0,4.853103404695338,0.01956195819763128
32.0,5.005180805921555,0.030059804455959238
172.0,5.432376221168873,0.02258099606504317
79.0,4.622767870939231,0.02716169971383259
11.0,3.368183569474654,0.0030474161559885197
190.0,5.506251139389841,0.03166350652463734
43.0,5.167162859162619,0.028132621553553224
176.0,5.154891054738652,0.022243443847401068
170.0,5.467630391962388,0.02163671317941728
11.0,4.738388885151256,0.017670165207660335
78.0,5.094478567441304,0.023635641468736607
221.0,5.069925040680898,0.020761722687482245
12.0,4.575827678044637,0.23264684652288756
193.0,6.580900963106304,0.043804527319475546
54.0,6.051664740950973,0.03877636659308337
220.0,6.187964476238598,0.03060982868773863
32.0,3.770057663321495,0.020479385817452567
204.0,6.774184280750799,0.029797950914750498
15.0,4.8559091250101725,0.036730693952025224
203.0,6.520645587902351,0.03319152883223024
12.0,5.094543258349101,0.007454937479148309
170.0,6.1707408287945915,0.02533123027156655
211.0,6.493139723465906,0.02567531750923667
235.0,6.670858093018228,0.031710358482210876
211.0,6.728919869915569,0.023038684783869764
254.0,6.585656556557483,0.03138692731584979
200.0,6.6435368585586545,0.03109829117252957
14.0,4.709920372281756,0.030661337002779225
176.0,5.809818162159487,0.03302148542239924
221.0,6.513799578895396,0.033794932103214353
19.0,5.506656489874187,0.015969091144047286
192.0,6.720834049085776,0.03283143567296065
10.0,4.865541160106659,0.04192314090905711
13.0,4.372130320622371,0.023814898718578312
211.0,6.680963353523146,0.03223938017783431
204.0,6.434839627322028,0.025527397810376485
223.0,6.5739580740308545,0.029312525222270076
193.0,6.403841651165424,0.029984470718019098
65.0,5.1638245289142315,0.03229284969588312
197.0,6.517319701044693,0.03095511324954252
168.0,6.734734836078825,0.027808354189065063
214.0,6.476044928916147,0.0324861129069109
89.0,5.359213165352854,0.03874513861498262
187.0,6.604717705976517,0.024254047652995363
192.0,6.399309570590655,0.02626825126208132
187.0,6.831882637452314,0.02923086122889819
202.0,6.608805219725807,0.026897426476785082
161.0,5.8975404626834464,0.03442655781989697
192.0,6.588751298685868,0.031455704325405044
176.0,6.622893365946683,0.041344552368007666
227.0,6.888737216394904,0.03601969138715039
244.0,6.531812245728539,0.031146298502342868
75.0,6.1105634848276775,0.02859172223058219
200.0,6.207038729190827,0.03348930138599826
211.0,6.605046041768874,0.03393304681292872
199.0,7.184727934736702,0.023067533996204224
204.0,6.915254291366129,0.033180211005017946
187.0,6.011402308622146,0.035252048879585426
30.0,5.157347182432811,0.010126491482757653
108.0,5.552493690340607,0.030365825286868063
13.0,5.124659125621502,0.0330878254205275
56.0,5.882000067404339,0.027022123051990223
201.0,5.8881160560531995,0.02916444658703722
237.0,6.486472218348507,0.03363392055565138
177.0,6.437203873348775,0.027268356208210696
202.0,6.912262401958503,0.032715940672505446
204.0,6.435005578340268,0.0333142997942381
190.0,6.636683534321032,0.03012421541681856
62.0,5.872569055326523,0.04064936904544612
198.0,6.570481731434061,0.03789723888798052
213.0,6.4695660519487985,0.02523105621035648
219.0,6.414208120407035,0.027244863049185636
211.0,6.401993462259735,0.03059084306612293
218.0,6.752275287558179,0.01952146734629006
78.0,5.723801991878411,0.022937111399070814
181.0,6.44233231781596,0.027382996911890497
278.0,6.79809757445356,0.032828821456009565
205.0,6.841580490949677,0.02847532019127024
13.0,3.2539539703956017,0.00279886365080109
211.0,6.698147357922594,0.026825165543931436
16.0,5.173301488161087,0.026864745035709348
199.0,6.769437876178991,0.0273017964418568
17.0,4.712148147470811,0.03500331474317457
61.0,5.887017246152534,0.029002868950168494
97.0,5.958642925183797,0.03805687977901189
208.0,6.759612963749812,0.029354960889647303
206.0,6.964159588211948,0.033769035885094674
24.0,5.73993219435215,0.019453020599030424
337.0,6.262456953348675,0.02923564820962154
190.0,6.711401525296663,0.034062591445858985
185.0,6.746431433187949,0.028838401584495865
226.0,6.904370474604379,0.030787041124401497
223.0,6.697829716943304,0.029265581856214445
199.0,6.793977500206262,0.03074623398388029
40.0,6.007694977521896,0.02796541517454898
211.0,7.035161614983003,0.02730997052759272
55.0,5.276861667633057,0.026050142982487822
204.0,6.587894848748749,0.031077677833130948
189.0,6.66630483304382,0.026086928358328623
15.0,4.770079557100932,0.01752849976376941
243.0,6.148410065183914,0.028666091387001068
11.0,3.9606804793531243,0.0351855307711627
202.0,6.565410774533111,0.02724631002624081
35.0,5.071999795096261,0.019928429852838495
12.0,4.3459899226824446,0.06608397588327837
82.0,5.625443906318851,0.01979254750412798
193.0,6.82656657263405,0.025533324560069678
30.0,5.49612219731013,0.03422682063731675
52.0,5.690388762033903,0.03280856907412481
52.0,5.591976725138151,0.03621376693235316
17.0,4.319417911417344,0.03688033094273552
209.0,6.8094033989609715,0.02902871456610498
281.0,6.853366420786576,0.041580371287513816
255.0,7.606575403026506,0.03221429185553764
288.0,7.560260936617851,0.042690849437147134
220.0,7.3618488073348995,0.03165087597299134
32.0,6.124253436923027,0.030608667777414666
231.0,7.257968120244675,0.03398454813004443
205.0,7.93718630162681,0.04384323625737324
205.0,7.878285840662515,0.03793844733452538
272.0,7.019640279166839,0.029445486573475885
266.0,7.553633214835834,0.04221045697734628
175.0,6.35822244644165,0.028657942334955024
449.0,7.1897982170427825,0.03428260289592293
194.0,7.861577638645762,0.029276236203905993
244.0,7.346830108126656,0.02810689019941969
213.0,7.392446923143987,0.024883377892233022
198.0,7.263532477195817,0.040118551914782426
141.0,7.021254782981061,0.02320476727979588
135.0,6.536583119851572,0.03942792664359634
194.0,7.780888004401295,0.038654318769143166
196.0,6.954270898079385,0.031750866981568905
256.0,7.2028270624578,0.027883832924771923
184.0,6.549952012041341,0.029369149699050467
231.0,6.845748550448067,0.036209148194064344
187.0,7.016215780839563,0.037718426780140195
200.0,7.499799666404724,0.0420318639697507
266.0,7.410150072628394,0.03612546837530659
264.0,7.100081678592797,0.03361599811614724
57.0,6.098496186105828,0.04720806934270322
330.0,7.347795081861092,0.02597743030187716
500.0,7.058679911613464,0.022972117312659975
